split,label_id,label_name,count,ratio
train,0,tieu_cuc,7996,0.2615892956456309
train,1,trung_lap,12684,0.4149573068995976
train,2,tich_cuc,9887,0.3234533974547715
val,0,tieu_cuc,1712,0.26137404580152673
val,1,trung_lap,2719,0.4151145038167939
val,2,tich_cuc,2119,0.3235114503816794
test,0,tieu_cuc,1714,0.26163944435963976
test,1,trung_lap,2718,0.41489848878033886
test,2,tich_cuc,2119,0.3234620668600214
